<?xml version="1.0" encoding="UTF-8" ?>
<module>
    <name>mphyperlocalsystem</name>
    <displayName><![CDATA[Marketplace Hyperlocal System]]></displayName>
    <version><![CDATA[5.0.2]]></version>
    <description><![CDATA[Hyperlocal System connects the customers with local stores and also transforming the shopping experience of the customers]]></description>
    <author><![CDATA[Webkul]]></author>
    <tab><![CDATA[front_office_features]]></tab>
    <is_configurable>1</is_configurable>
    <need_instance>1</need_instance>
	<limited_countries></limited_countries>
</module>